Feature 1,Feature 2,class
-0.4436597970137335,-1.8793102307304768,1
-0.7573193636965503,-0.8106531954566396,1
-2.6782115971942706,-0.4474773483753671,1
-0.3277056943707106,-0.9356036258965168,1
-2.6740040050073546,-2.713958827107784,1
-0.8420845365426319,-3.5184401141331527,1
-0.6325305865609578,-5.033283400512149,1
-2.5302822833203837,-0.3593997265127218,1
-0.452254099029622,-1.3589492924856161,1
-0.3732419509750451,-1.7685401847301367,1
-2.142416856734274,-1.133493626565295,1
-1.8447394165175295,-0.9576866903754557,1
-5.282307122734668,-3.0930434067442474,1
-2.7597500771899086,-3.6208581348076185,1
-1.949187335457241,-2.6089071895232827,1
-0.9454677683748987,0.5458808329531561,1
-4.069100497948773,-0.5300804451003283,1
-0.9434555307689816,-5.334359597783001,1
-1.229087907530872,-1.7368899779071332,1
0.38700333739730297,1.0180006056993394,1
-1.711205710624524,-0.30114482600656767,1
-5.145479137031014,-2.5424497350426236,1
-3.219462684832913,1.6192570956247554,1
-3.923766255535974,0.6312409181641341,1
-4.017189118332492,-2.7572153608066814,1
-4.026790372566365,-0.8293493874339282,1
0.5795647006437901,-0.16252121504953787,1
-4.425516580383851,-2.3876551239774124,1
-3.085136493339024,-2.3678238306578794,1
-2.631288107606123,-3.887861146537036,1
-0.6331150033992521,-2.1802988232564875,1
-1.4881581432054378,-4.482477686471827,1
-3.4978603899035496,-1.485609812634959,1
-3.1548413318289477,-2.178336489371743,1
-1.3747006280037963,-1.3684211700515796,1
0.8426797324993243,-1.6301253168307943,1
-3.391418530781827,-1.3578061746820849,1
-0.1743448849364937,-1.910921120394078,1
-1.562715385622425,-2.1206487406379426,1
-1.7162664705732333,-1.4896736149784975,1
-5.7050180989785275,-0.5756862539317416,1
-2.2647682549339025,0.3779395596535977,1
-2.3750680052559554,-1.2984482221870186,1
-4.149905037484073,0.1192305421659503,1
-1.31473745582808,-5.0905037374108675,1
0.3332278567768534,-4.464046841275364,1
-1.7625196624534754,-1.8128878555789723,1
-3.910955481595387,-0.03054991800720841,1
-4.4087317116201525,-3.1788077427995525,1
-1.9694074892882303,-4.718780359800457,1
-2.6856227694858834,-3.975112142885858,1
-1.6673311914152573,-0.7066950100313227,1
-2.1051680048253227,-1.7953544074372418,1
-2.3649752440001732,-0.5879038986886569,1
-2.818722784825575,0.6546949800400723,1
-2.7575451496452277,-1.2404510329661114,1
-1.6531658530666875,-2.2524096213689013,1
-1.1890547219718879,-3.0746257905098724,1
-0.45931543507734207,0.5007612248240663,1
-1.3473590086493232,0.24380344553760658,1
-2.149430929202046,-1.1360504335675659,1
-1.8048387099384389,-5.1204132806678615,1
-4.126541488624893,-1.5127119592979112,1
-3.7755959619928485,-1.4380394020988154,1
-1.9207857779036408,-3.7358053928862143,1
-1.5224951395498292,0.0801615143768486,1
-2.3449287294632475,-2.2812296805032264,1
-1.6297015828684045,-0.6075825767333429,1
-2.8773736869674322,-0.1244872408695783,1
-3.2903097549711022,-1.720414553396111,1
-0.406223934457165,-0.6941747740130877,1
-3.4633265273092406,-2.6145683157542323,1
1.4006957070280128,-2.8247913102014817,1
-1.3923985036823225,-1.3565996412725798,1
-5.887551445458553,-2.462441315917293,1
-0.5959341424170412,-4.409253069159065,1
-1.890043671243239,-1.8556645783593726,1
-3.494366783461915,-4.764477624777374,1
-2.3100304242863436,-0.445814424345244,1
-0.6284900291951558,-2.414908578454469,1
-0.49366474115637216,-1.1082514653653979,1
-0.4830003981462574,-4.276739460144359,1
-1.814439537878095,-0.5435083762812896,1
-1.6783682376858076,-5.01517112416807,1
-0.8442136412097978,-2.5189685878947974,1
-0.45324340255860207,-0.4454514347615077,1
-5.257238553659109,-0.9191348973201545,1
-1.4241632058891571,-0.7021961795582714,1
-1.5882010166784926,-3.358346027744142,1
1.3643906628363203,-2.6029042456451896,1
2.0098181343235444,-2.447974102037813,1
-2.203911057896401,-4.489968842586867,1
-2.4727585147938878,1.8634030841797813,1
-0.6639264627520001,-1.3242499929451816,1
-1.2118929870697794,-2.505130603000212,1
-1.2998218909912183,0.49293247571818455,1
1.9747061433523196,-2.4049951398656866,1
-0.2750818853302399,-2.3538291185646614,1
-0.2915111656681546,-2.267566235155302,1
-2.2136302881721863,-2.2486457004434146,1
-2.6025524023134468,3.9012781136623906,1
-6.40403987970626,6.526954019060919,1
-4.91661472051602,5.53582347207117,1
-4.037608048970069,4.465938821162068,1
-2.319993990193337,7.215517764812661,1
-0.804452149316973,7.463387180609946,1
-3.1063947997876316,6.021785258744421,1
-3.172482415036021,6.418020712026517,1
-1.4542901792725194,5.0973561578720865,1
-1.8797981167990174,6.723003782502789,1
-3.7842800658739035,6.063735576879073,1
-1.1832347990577237,7.81033029333188,1
-1.395325390922794,7.105856852527044,1
-1.2986355940574184,7.398568611221375,1
0.693317898395029,1.5759342220977777,1
-0.1333598230282933,3.827108902016004,1
-5.119478497492667,5.978709702909773,1
-2.9820043719854334,8.176125487471339,1
-0.6283744024266325,4.95483886085978,1
1.4552176120454754,7.384466114420354,1
-1.651980421988915,4.903221779592561,1
-5.8808654929074,2.841131439930061,1
-0.9248857420969521,7.551421687656537,1
-0.5109372589936703,6.024521610822822,1
-1.2872838768633064,4.525098684450988,1
-3.495377865440246,6.0484919346460195,1
-0.9056014547592821,7.663298690523043,1
-2.425783080913596,7.41066991800545,1
-2.2975488117414784,7.630299591976755,1
-3.5420426987166937,3.3084126677373478,1
-5.325109535207268,5.232170872425447,1
-3.4135112220575863,3.393100519213635,1
0.3260422500948721,6.037314413252164,1
-4.206175633399306,3.996709701415777,1
-3.2259698800734284,6.766582778480755,1
-3.4210530716642626,8.512472614065949,1
-3.213461702504181,4.569871108994979,1
-1.4606568238006608,4.000526989012936,1
-1.8547869118108573,5.201666018403329,1
-3.3464014988471726,8.78062798784962,1
-2.4032462584284966,7.44771808907205,1
-2.031456649755668,7.990441787631165,1
-1.162151706812848,4.5083103551192565,1
-2.1149003897936964,3.812103566582879,1
-2.488105560941998,6.526362824633562,1
-2.943091818478855,3.127656455371758,1
-2.6468916811370167,9.067269881718664,1
-3.755207044082376,3.5816109640533513,1
-3.0505420448256677,2.484281515740769,1
0.12180115853527074,5.78600913234149,1
0.3309162551898073,4.297661885691345,1
-3.37492329434326,7.05024084228662,1
-2.62258253353516,6.677225893857915,1
-3.847191388798726,6.937889442055617,1
0.3952166585609276,10.38442971507264,1
-3.0907943095875914,7.266866296558693,1
0.3975818686867192,7.187689944681749,1
-0.5669398558871566,5.029436065194345,1
-4.919901865359196,4.89774078239708,1
-2.7852886030263875,8.022624038668003,1
-1.1032958816242178,7.649140973756301,1
-1.4839889382115756,6.507857421035995,1
-3.104678312713003,9.386837764655716,1
-2.8119184339436196,3.677939393683134,1
-0.07219850057570443,5.872989890961306,1
-1.868513947572219,4.403382153979406,1
-0.2896346009682351,5.020529519116714,1
-0.7977837829005128,4.5028562070412725,1
-1.1788724911930768,4.4447922331894,1
-1.9369933803000885,4.408015141305734,1
-4.427913694040902,6.449198062071779,1
-3.7069864958765284,7.686298324004003,1
-1.9286732132427287,6.411216885142268,1
0.31232839214194463,2.8973465513503975,1
0.4576858126701695,5.2802204346997055,1
-0.14504186573720101,8.628967910598975,1
1.0272684216983223,1.0230599621762142,1
-2.6829386905457593,9.507329246621286,1
-1.8073202164109097,6.247297981475803,1
0.6550294049919394,6.563615354294756,1
-1.8978141444147105,5.253925247436359,1
-4.3048562602591165,7.204949691398336,1
-4.387137731454311,6.982110204997243,1
-4.0111391401377565,4.105970577251078,1
-2.0448276397433327,4.167230061776527,1
0.758870015405757,6.171403260964019,1
-2.6246818436915187,7.2032192530130725,1
-1.288044217485445,6.132038332079773,1
-3.805546210334932,6.367015900417029,1
-4.66115821915588,8.379214075992834,1
-1.3600880227989411,6.458765124356607,1
0.08644531793164623,3.5261824963948696,1
-0.732508551948984,5.894955574205892,1
-1.5891642330233569,3.8622919509462217,1
-2.793168709464223,6.7135483906209545,1
-2.0486633166861634,6.024865922949054,1
-4.119990019312638,6.607209589863343,1
-3.8515019042413874,4.23285151184137,1
-2.3290439380138337,8.848415388906238,1
-1.9692812800992785,5.766833063023747,1
1.0330937592977616,1.0488648629209871,0
1.9300091885386543,2.6552931071281733,0
1.5241934714063445,2.1667900237956004,0
1.7741812474412644,1.5562261157290518,0
3.134512859564969,3.298010544694013,0
1.0320572997407516,2.448529085402415,0
2.112720732032483,1.8144357049070132,0
2.8728601195811123,1.6802842488742495,0
1.5336502638531293,2.1939197992516575,0
2.3685658766431517,2.0271765677534264,0
2.320993662394404,0.8499069135309019,0
1.3514785351356662,3.0997453727751068,0
-0.39534984536746043,1.334572007449292,0
2.7979704975865927,1.878814447589034,0
1.5727435292404632,0.8849912552731398,0
0.8724881523788481,3.835722513333301,0
2.3411310133035785,4.02145029712352,0
1.2020427007077052,1.9232099661363673,0
1.441189029113513,-0.6564515962775759,0
0.9464386509103071,3.5197221911234413,0
0.8123726836181928,0.7371003718630165,0
2.1481434930452967,3.2414835706794927,0
2.6733810996415857,2.193663597060564,0
2.521774695003912,0.6085353455625977,0
3.899012722529882,3.3096496688385524,0
2.2673653570993673,1.694597034469338,0
2.125865373046228,2.0156359722436403,0
0.4803124458383359,1.7398555734336318,0
1.7099864657657344,2.3391136571186575,0
2.2126049192006727,1.8610888671040486,0
2.818187755341936,1.120606746919858,0
3.23087099435641,3.3558668941580363,0
0.5263401492432978,1.2585147530746534,0
0.3509569494262057,2.6509045859913836,0
1.111550805227267,3.3597640090200525,0
2.7904355135896957,0.43016952123997165,0
2.334223521926696,2.5838610512914997,0
3.8070399352115145,2.941722903736991,0
0.6850820764463141,3.2519999340892354,0
4.548641867215702,0.4537373868400587,0
1.8570857176188733,4.223657592045859,0
0.8167457954662987,0.7171640418268821,0
1.3629552243023153,-0.05579504582834405,0
3.2023252961516553,2.7523843107647483,0
2.7866694071762015,1.6884014409275119,0
2.251844034069107,1.9208704410217368,0
2.7678969537278024,1.2865634243027793,0
2.6812314165135605,0.5093225269567834,0
2.0086168245025773,2.5679848867586954,0
1.1649238459168676,2.7720081006719197,0
1.4213421180536903,2.8872463856910224,0
3.430222818571995,3.4321219007096726,0
1.5155087866951806,2.0554588143923302,0
-0.10196100730550661,2.9352807998233033,0
1.6987664978441264,3.1055680423031173,0
1.045108921995352,0.6492885537041508,0
2.3025826844392405,4.485533521587087,0
3.3351911941759775,2.828645408437347,0
0.46857107594487135,3.123019222846594,0
3.9842541037925594,2.6429964817407168,0
1.8774319691596493,0.9330471841605605,0
3.2549652262778634,1.443052210701207,0
0.7037675456391557,2.3760101466492936,0
1.5983055202445258,2.5733519570562238,0
3.048790992825564,1.9420554878720588,0
0.5259790863785017,1.9997478488406966,0
1.5273785433457308,1.2281440804374184,0
0.6316945664715468,2.4259295473141638,0
2.5447847632484804,2.752713670384688,0
0.9468324701086763,1.4154723392177835,0
1.8634831208536604,1.220277826824618,0
-0.298994088634863,0.9509088155724561,0
4.543001872950343,1.905704723240244,0
2.0971810476097468,2.59907592963186,0
3.5045518599320173,3.7368270746512837,0
0.7036589067864909,1.9184710180871742,0
2.5369176738969403,0.9950019631201961,0
2.3402766509914525,2.2598821080899265,0
0.16672483173712926,1.7033476593101222,0
-0.2924369698583056,1.3293391825341592,0
1.038864884133889,2.5523979381346624,0
1.4172916831330444,2.2017002180740652,0
2.5107961446271307,1.720416446701135,0
0.3918563690816186,2.399595237232975,0
1.3826318177753212,-0.07509676096120099,0
3.41983504651959,3.0706560143684545,0
1.073738629784421,2.6014178704194166,0
1.6385974370015508,0.2199748814067113,0
3.492358857302534,3.785561065561919,0
3.4861526543668395,1.8672442141356635,0
3.094476812601159,3.6609464038124826,0
1.8611810005890532,2.649092129532064,0
0.5136492199381195,0.30574147286398,0
2.4877802233544744,-0.1940445178549668,0
3.1260147422830222,1.8519165462893352,0
2.2009509990493394,3.5559618889384135,0
4.863716991741217,2.6477614486478243,0
2.194364044911884,3.6537548359501715,0
2.515411666272203,1.574027876305686,0
2.8632512919801294,2.0863836828752595,0
0.9787158024311189,2.7499194466680876,0
0.4202987675531118,2.047192949762946,0
2.087432256471051,2.8646974485374246,0
2.262109507832572,3.6541074842225836,0
0.9553291571213045,3.60134461042969,0
1.044948431570859,3.354366022092949,0
3.1172550315168346,3.406398599640167,0
0.9532785516540168,1.3560826625960414,0
1.8584380900795763,2.8472724667214067,0
2.6935327699823386,1.1296270871614391,0
1.823795581611324,1.0821939693904965,0
1.0567963333769503,1.667679011905785,0
0.9347484693318537,-0.6459790013325355,0
2.850782356116871,2.230096465000765,0
0.5941878829561487,0.7388598880660713,0
2.5591075652462063,2.072687360998515,0
1.6412874513829374,2.2896078524921517,0
1.8401910051230737,2.7001267698962805,0
1.957887580436596,-0.15253686282919698,0
1.9323641726582843,4.119515271661189,0
1.9538438748181517,3.0062690028746646,0
2.3170999531401772,2.5918487427572225,0
1.0112698632533172,1.649520641520831,0
1.6020544280876956,2.1277422698330013,0
1.1321795625286564,2.682366544409878,0
1.0151891718416057,2.449150423121944,0
-0.09112657138026714,2.3909451345962105,0
1.3676394903086138,3.5327317501886792,0
1.7671300775191368,2.043301061082323,0
2.3756667778562073,3.3636956536810105,0
1.7092928410537584,1.1257435130298308,0
1.5480478513655531,3.506741210687809,0
3.9841329386714923,0.6299282375976323,0
4.186675933846919,1.002065796116912,0
1.3083153751368006,2.4326718937784517,0
1.548354668890883,3.5066502886780837,0
2.5804967648241783,1.16361907462414,0
3.4678762638887477,1.0840947843260103,0
2.573853094394009,2.912946908310884,0
0.6934525842962183,2.0139793412644935,0
2.3556826442411363,2.891688438230199,0
1.82388459283028,1.7936868796307686,0
2.4919596013088796,2.6387043191241033,0
1.524860701730263,1.1967595625115233,0
3.015776414362937,2.3081021935452797,0
3.622100325225269,1.151259086727297,0
1.7607070110070937,3.177373696449922,0
0.4102548496014966,2.2889805549068063,0
1.7398039146221431,2.153484117758326,0
2.19754403828112,1.2155817961583009,0
0.7206786417064992,1.3395089065155013,0
4.499684345632868,1.5040566839120533,0
2.264594077330406,2.0727874749500135,0
2.566903570772647,2.0561879407454557,0
1.8263390409858653,2.467842260758034,0
2.4898346150794284,2.2084428167723793,0
1.5284565978238591,0.845793724653418,0
0.12492724714540593,1.8190894983566703,0
0.985113675683577,1.4965722104033865,0
0.42429624473342287,1.6112270330745575,0
1.5411514154596349,1.2911491742210903,0
1.5229838269763705,1.7260102118832954,0
1.1120661198141222,1.6270801099448784,0
1.5100827038401632,0.7549021934938591,0
1.8401039909894552,2.3434392274550584,0
1.1890239099003854,1.7540390300997513,0
0.34652519856160513,2.825544809068144,0
1.593975148101734,2.0172173927369745,0
2.3115137372021692,4.537997326834693,0
2.749018632980232,1.2070053088643453,0
1.5486593507936637,1.7548210295846058,0
3.146388704691108,2.83742852321935,0
4.809651223587188,2.5566647261535618,0
3.1258923507965397,2.3745755329103515,0
2.030279537059601,1.9244686996574059,0
0.7147428548885717,3.984762749733233,0
2.558514614775086,0.917483094327983,0
1.8222549643684138,0.9519813314168535,0
2.1973028189623642,2.6816823173787374,0
0.6893079009223706,1.2183186598409206,0
3.2604157753131986,1.8403468185749756,0
2.3734849798714492,1.2062805960120104,0
2.538896185370538,3.3924345005237946,0
3.992510797416671,2.386414028507932,0
0.30453710118045274,3.130580224578714,0
2.306032673011945,2.4478785136027112,0
1.2433164130370242,1.586918394627801,0
1.2121785518576207,2.4906914513575047,0
2.768746995956838,0.38021516708444136,0
3.6922219377805154,1.7408507510393836,0
2.8520030596190957,3.100596317381486,0
3.0198311100441257,2.909347675406795,0
2.1579330274163047,1.3871730883068008,0
1.5630784931052577,3.300015899147412,0
4.108778426170233,3.101536275716559,0
1.1474947967745746,1.9408364392802024,0
0.17452783967252805,1.0102418986108042,0
1.5229434579539443,1.5644600064785257,0
2.9543997937120174,2.714681378546692,0
3.123403603161913,0.9804771720699559,0
2.995385859587767,3.024774991185592,0
2.9249942237949997,0.8575135349913039,0
2.6902621541032268,0.7264025490825752,0
3.081107414361275,1.0880457841828606,0
2.0637282214425956,3.3003047718146408,0
3.4814346763188846,1.5609425988433416,0
0.3603036587549211,1.3948927518859904,0
2.684312419804373,1.49139965076633,0
1.847344911948953,0.9472511012815501,0
2.412004036802985,2.541120254736317,0
0.7164196259904057,1.6721265144214887,0
0.9103578007575439,4.309728802341014,0
2.5081231355673337,1.3788349859875977,0
3.6324868027168606,1.3313451618570382,0
1.9310668462153426,0.8982759644444203,0
1.5135977765234276,1.1553275408849881,0
2.3506904431595785,2.9259020646413796,0
2.096447151085203,1.6146379505487243,0
1.6704101995541167,4.488064215086943,0
0.9137466858145504,3.299334379168733,0
1.6506640756369968,3.3459566508565732,0
2.355966159003783,3.608046505146779,0
2.3268427237469886,0.4824167574163136,0
2.713514724962607,1.9917873327246953,0
2.174766014207689,2.376522647035743,0
1.0089698110198901,1.9795211676925255,0
1.500532148743193,2.231006285110932,0
-0.3984749178962925,4.3229627375901245,0
2.961600449100855,2.293032627264762,0
2.4478342631704146,2.939067875589229,0
1.2814360230854782,2.937956840857445,0
3.0833183282249648,2.328435538636233,0
2.4482571651226928,0.6287795716761082,0
1.1020892921264818,2.692772808370554,0
4.417274380647823,1.8872936936482585,0
1.9415619051229736,3.4575338078678852,0
3.0080389596929584,3.460643467167407,0
0.8963599349523368,1.9698997635549624,0
1.2090301560466687,1.7806485492316904,0
1.3061127129590981,2.996244371860881,0
2.212767291885868,1.333046235983646,0
1.098635839502791,1.397652845483417,0
1.9377332918012762,2.2547173711098694,0
1.4393937330349598,1.8848158213037924,0
1.277283041823076,3.1590144443129855,0
0.8909682593583139,2.2257561351573956,0
0.5479225939481036,1.109013704702679,0
2.6356041757097945,1.6037070009528567,0
1.422457606258461,1.4195695868212992,0
3.0955715750946164,1.1730566627683119,0
2.7004340351637723,3.9249056569469545,0
2.135483125814303,3.0348265721732637,0
2.1314404216615435,0.9139375452223473,0
0.8671816248466053,1.5554660336724728,0
0.9130995437499831,2.272482165190336,0
0.29153089290898637,1.2101684510561215,0
1.517211250026901,1.7224891163633949,0
4.471701953255009,2.8707297414911466,0
1.2177409026548918,1.9507220304347768,0
2.8572575727938196,2.6324307834271696,0
3.514973860708518,1.905340766127478,0
1.8733215717761602,1.1906204921481152,0
2.3370283792853117,0.4668309778509889,0
1.235759938235712,1.4069616326141532,0
3.2383786144106432,2.8630679775957657,0
1.7379529485729717,3.517233020936679,0
0.25966749435031855,2.0893228830511203,0
2.7383139429517502,2.1862273221170367,0
3.791211942899548,2.0828730351346754,0
1.311765990118042,3.207531922260181,0
2.196571325835043,0.8999441775996846,0
1.7351465261724348,1.9417920636235462,0
2.91488833542388,1.1410076373858986,0
3.1880928673319886,1.1589034645657499,0
-0.0335928091970068,2.0051282457931854,0
3.679485435659223,2.305483625984591,0
0.9525298841636947,1.6989605416865337,0
2.55840302177499,2.655228936388028,0
2.008617776663999,3.835261896595849,0
1.966080971320997,3.366154460037885,0
1.0161544585682958,3.1571742619776364,0
1.3451618463921506,3.002240844634901,0
2.877100597800997,3.7332892448494066,0
2.8550200638115024,2.6320920163985466,0
2.221431939925923,2.1054531479054224,0
3.8321079312215254,3.095957394913441,0
2.268491724011673,1.3573403867041616,0
1.8578966471868246,1.4864855332367317,0
1.3408410026039819,2.439197307009924,0
0.31547548783237844,-0.5706956744127862,0
2.4935730560025675,3.242884452096783,0
-0.3036609696686394,0.9711814200939208,0
2.8438375916959155,0.9388315846101709,0
2.346578470739199,0.4791899156528805,0
1.316463156130267,2.5120404316196874,0
0.245288010688534,4.067008882448647,0
1.6913347052810486,1.2255988085118674,0
3.2827173952427353,1.2578615757923584,0
0.8610944913135823,2.1851497309179515,0
1.9761343341917166,1.2767376100413146,0
0.048473036926698354,2.136795889581881,0
1.6781731321657327,0.2943283271024144,0
-0.19164364721499227,0.9323564605428958,0
1.0903964479994066,-0.6278528237850685,0
2.013668385001107,1.549367288115899,0
0.61790591140454,1.1964185293878011,0
-0.48947021995134277,1.8641772511454653,0
1.1659626876976998,2.6826112860240823,0
1.1680155564989487,3.425265664321449,0
2.3807913692732225,3.1230818049471956,0
2.269447293776759,0.654988661727838,0
3.0937556991897623,2.040697907724779,0
0.7515942713264077,0.1432616594613052,0
2.1706669736648463,1.2602662774033526,0
0.46130221784877556,3.786032020630175,0
3.67352511614381,1.4956932718794345,0
2.4207247869619026,0.15798911999892673,0
4.357472106003103,4.604092858659466,0
4.163719218927642,1.743725952048624,0
4.088781577525836,-0.2812520963247467,0
2.118733521760088,0.8936661931482768,0
2.023056794550483,1.423654663769556,0
2.8722096129572203,3.118632464954559,0
2.5953789052327343,2.1498144700361017,0
2.261061706843192,1.7854913006591249,0
1.3489111066011348,1.6104847782404428,0
2.1577149060944256,2.3473604679850046,0
1.9352521344605897,2.831899626204562,0
2.6335949369525764,2.462033900047138,0
1.3005332008620232,2.014457888155727,0
0.818139216936711,1.6290996056861553,0
3.0509485730865995,2.140661795360959,0
4.074089704126749,1.8705514881397598,0
0.8774031698064872,2.496039361674052,0
2.364945037246546,4.828648845950981,0
3.856121420935156,3.0436836777957437,0
1.0385766505727738,1.582154578771246,0
3.9947671855054896,0.4696597694074871,0
2.297689671325517,1.576928964180902,0
2.052035966426008,-0.7835259761117959,0
2.0840455395204307,2.4769112244314377,0
0.4270299635479533,2.22626112520287,0
2.749131336280243,0.6166351498971872,0
2.8256540992839896,1.371771802471444,0
1.0943978182315295,0.7654315884994991,0
4.654241352749905,1.2807005686241835,0
2.2053614492622327,3.2409912353486217,0
0.8474931734952555,1.4701480981029933,0
3.736733404972933,0.8506700845060211,0
0.24998383505723631,2.3578021326343634,0
3.102474033259929,2.8049167473566836,0
1.8203931498760744,2.8573709309388136,0
3.6419233125573323,1.7277713493020743,0
2.42676828951189,1.26350147778221,0
1.796548319954092,0.43389524774895905,0
1.11430662003503,3.0372579535852555,0
1.2768166124881046,1.4112627500960606,0
1.7697979670627926,0.8562732619296551,0
4.097935953075121,1.471989311711388,0
1.7891197208925045,1.2701869263099355,0
2.496194044565889,2.4701773687279953,0
0.19257107626798797,0.40746266356789373,0
2.7823822850839903,1.838679904262954,0
2.4934016023293952,0.4607398667287361,0
3.179242498071665,1.5390403914750814,0
3.4810227019008613,2.252459770074624,0
3.48367393467762,1.6425986455699844,0
1.6970730826727913,1.6326389020669172,0
1.5904843241015247,0.3724975372543049,0
1.8146195694834721,1.709309277182697,0
1.6199651343166857,1.4373752345698332,0
2.3735884584034004,0.7109256965621404,0
2.3321608591255,2.014141353333571,0
0.03820345840734052,2.375333058350792,0
2.219836378787375,1.9123003706425354,0
0.44273514618540344,0.8643164555377674,0
3.7725631260174604,0.8774294495969586,0
1.9610880742386836,2.1074148319426316,0
1.6500662450688486,3.806576902449172,0
2.763883401623416,1.6396499086260419,0
2.6088450844759525,1.378200672833057,0
1.1590019264168152,2.182904229419936,0
3.2060885093296907,1.6039896275493801,0
1.5184818570562413,1.5918597341733407,0
1.3880511341701112,2.805495727484932,0
0.2802481253777449,0.7733785066287904,0
1.8867281394557032,1.866296489169307,0
2.5587386107716523,0.5583667584659533,0
0.1728695376796019,3.3390958221881606,0
1.090920785840259,1.5331265564229128,0
1.0005232467423282,2.0340739871352524,0
4.407810592565007,1.400865561177567,0
4.865581121197326,2.366112974488086,0
1.6176501216422632,3.420372281974701,0
5.235693947283325,2.5186550274900816,0
1.3818529021291301,-0.300373300637121,0
2.54749360048915,0.9865985684286152,0
2.4849340982640156,4.030385577460645,0
1.3050125769203516,0.5838540125582665,0
2.752532196511389,2.6867119193291598,0
2.4330160940146595,1.1704328971411506,0
2.755209946181451,0.9080491104757109,0
-0.26897011900087087,1.804453928995367,0
4.25362013593363,1.8856614151163722,0
2.847918782694245,1.1489976580885746,0
0.3399624380281292,2.7500630657799188,0
3.308049058925708,1.312171023771144,0
1.4274247668419604,2.711980037514037,0
1.6167465542851105,2.0924178697420297,0
3.170408877252176,2.8327688083537197,0
0.8823669780023462,2.850113057346689,0
0.4577095588797604,1.446645942967793,0
1.127906084190655,-0.44794902198990627,0
2.347174927047638,1.8933421822334817,0
1.633071559795932,3.0448352825955265,0
2.4495822399075795,3.5252856140549254,0
1.6326969654742078,1.4624464496208867,0
2.3595165349283524,1.223955044372177,0
1.733404493463822,2.168709751460105,0
0.18321406351402736,3.56246775668566,0
3.941025686364102,2.430048198129393,0
1.9512595319114878,1.3623884461441882,0
2.4320223281696736,1.283152155223433,0
1.9091047269280217,2.5786517132387208,0
2.2112841769113167,2.1591150081298323,0
2.5624526599664845,2.831692689637742,0
2.396657685316165,2.356964677524162,0
2.720486079041557,3.4853163243561713,0
1.8367393562576724,1.2564376692269303,0
0.22271002163693754,2.5067993364239074,0
2.018179087337488,2.8955095585847754,0
2.5545199564009424,2.010440577826722,0
2.3211847406650947,2.6140117094286888,0
2.3150606265817824,1.7228048103408595,0
1.8756443461972632,0.8475089840415424,0
0.008764534893330511,2.134978265374711,0
2.459142758028864,2.39729431654215,0
2.606894054365294,2.338818811131876,0
2.537897017107589,2.9009540778638327,0
2.3187150281230755,2.294536797431122,0
2.0612521708742353,1.4612517479536349,0
1.0319849247958217,0.42033299884665,0
2.3870878807246667,2.2833731027630426,0
-0.5941403977956017,2.082397060279094,0
3.123083859154175,2.486934431422862,0
2.5518019138393857,2.517429189835933,0
0.9650433507965874,4.106357924597006,0
1.3405833811755299,1.9637928025199587,0
1.1412850733868514,3.384937209016971,0
2.6206005974071003,1.8804529061895445,0
2.7648961436739925,1.5526497579306315,0
2.439408686684743,0.7173787637102638,0
2.5871304144536547,3.7711009570411003,0
0.4158708828043003,0.9899511069995472,0
1.5739241355401183,1.7660825600514756,0
2.2330247841382973,2.3555598699717515,0
2.5951800884258205,0.9648922346694735,0
2.91893983682305,1.0700650435108394,0
1.3743900532993516,2.385154097533565,0
3.4126904995340626,2.259301307546,0
4.292444324176199,0.3304610121867624,0
1.5615382523512227,1.41966487474351,0
2.5198223918720033,1.9022913962189785,0
1.760326020550571,1.712352208953435,0
1.99827836773845,0.45462135278426685,0
0.6117300635449336,4.492035622807683,0
0.332972869568231,1.3573059322556624,0
2.763783997864543,2.730338206109545,0
1.3342888658341563,3.0851544772821766,0
2.0823454848748946,2.3725396913246977,0
1.6448451262165857,1.3143785799831558,0
0.7743763009922529,0.5346712181615636,0
1.1822613666121082,2.5585804426863406,0
2.661884877495438,2.5115301964538603,0
2.0303137397317013,3.2151520165762477,0
1.630167686473755,1.9057809890806918,0
1.3630319704114644,3.185433783976825,0
1.6261146438644833,1.929264306966991,0
2.107118454365087,1.191082930187782,0
2.367368066036758,2.011307818276896,0
2.1748016949483953,2.4859543956921177,0
2.411561712651963,2.9301915399848126,0
2.128428772346812,0.3994269915538935,0
3.507414164254995,0.9979542457830406,0
1.7616977610250273,2.7911539448623492,0
2.29273996982141,2.3125244097540185,0
1.0761200459112152,2.813975267049806,0
1.838021753450411,3.435827062621285,0
1.5640741362009933,-0.15840943158155207,0
2.981183314030415,0.8649745588463049,0
0.5156716425454131,4.125441315166466,0
0.3231220523473557,1.4522581073967475,0
3.880706268208108,2.4459309038603423,0
1.6557073549421912,1.4617647511433032,0
2.916673128607954,2.201796195993811,0
1.0435478430220497,0.281231763675992,0
1.5888169870909097,0.16549038367285918,0
1.5788077561470755,3.405810505677743,0
1.0027524304975,2.3411940717139483,0
1.1078980016187947,2.4613302371012336,0
-1.401960514819641,3.2681368052033744,0
-3.2368449563262223,3.0359149096192737,0
-0.21154224227648455,2.9168125538746463,0
-0.976703928579894,1.2600434262554674,0
-0.49850257217114713,2.6209595579976046,0
0.41376467064165956,0.9359417022619418,0
-2.1933651663323657,2.2678007963831806,0
-1.8462311298037166,0.9531187358156146,0
-2.2778118855629383,1.3561734686594173,0
-3.445672888362379,4.379987067741937,0
-2.0496183171839624,1.7820619673321514,0
-0.9829938042401161,2.6770583015493172,0
-2.1314494376533215,3.506653063209458,0
-1.4438705309216155,2.2101660539438823,0
-3.9638607708571065,3.0936063929103277,0
-3.430044074798284,1.826140269307595,0
-2.002433042559403,1.8441255949882327,0
-2.0760448626976507,3.6127250191119002,0
-1.6687336047768784,0.8211768931182328,0
-1.3730084774297107,1.9074342559933306,0
-2.05426393111069,1.1828996994486791,0
-2.7892830567057754,-0.4102420403630451,0
-0.810842025454465,1.3575201909297068,0
-1.9650626349003963,2.4317359873934796,0
-2.6236059176995967,3.344830678935187,0
-2.1862443975071133,1.6780875512420335,0
-1.6606979633241032,1.7903398983482188,0
-1.0937101539066663,1.8860580008237784,0
-3.780166660564972,2.167318249422377,0
-3.2538517716917177,-0.3404008709718962,0
-1.5275606942589786,1.6364839588605338,0
-2.4299352285395077,2.261195639098932,0
-1.673758300989675,1.7977639040362312,0
-2.0874556900407737,2.346728229780778,0
-3.1087507002132835,1.504728387550447,0
-0.32849541950456507,2.210508255096238,0
-3.362217165664015,3.12972204755709,0
-0.4646895084914968,1.049895009694492,0
-1.4704586822580485,2.07423224299414,0
-1.654315453540336,1.6006805367313606,0
-1.7374814185597949,1.6627687923879249,0
-1.1689964281665235,2.111444585111321,0
-2.3622797943493876,1.3674261449743224,0
-1.8430776710358328,1.8455260268616482,0
-1.1127497443624434,0.44253735052599064,0
-3.5819688544809094,1.0930606960458156,0
-3.2673938199367853,1.7582600035654057,0
-0.7584366515563907,1.1079328847378107,0
-1.4861849236090046,3.9883305451610114,0
-1.666386188310582,-0.636092342476219,0
-1.9103407060890263,0.8982398780703922,0
-1.2094709868787281,0.3046385484719407,0
-1.2507462547916874,3.754465768777668,0
-1.7651601172192883,1.309489360792007,0
-2.0000609688439965,2.095428412423242,0
-2.712226656033914,2.32023304201125,0
-3.1302686262024997,1.6925479754306063,0
-1.4539810256763501,2.9186012752226294,0
-2.2730017943765124,0.6247074612756198,0
-1.7310864966247306,-0.027466525907991368,0
-2.1513683024855763,1.4342225530561679,0
-2.71419227986216,2.498743456495694,0
-1.8558607122058206,1.3596033471912974,0
-2.335930393719785,0.4439437036502698,0
-1.2415381720276881,2.746756664848548,0
-0.5800506221020663,2.655382193025802,0
-2.2669441094152525,2.351512096820942,0
-2.3328761201679575,1.6230501091524887,0
-0.9031320968971062,2.6248252535193473,0
-3.6902147135742687,3.3715328234809414,0
-2.793070193158491,1.8597536358885074,0
-0.8212161414066048,1.7930941243524492,0
-1.1480563799480419,2.0548696018219617,0
-2.75459654526436,2.3704839800015183,0
-0.9758605271506984,0.4108568943143567,0
-3.0477449814508986,2.343623346347676,0
-1.5216081454569745,0.0193695754505967,0
-5.017168822042508,3.014966696118162,0
-2.2305446774704705,2.881843990627484,0
-1.9554955559382043,2.1676669844456136,0
-3.600573493550873,0.8711959192913161,0
-3.0454400269286412,0.30798692024459395,0
-1.215845664301432,1.9068903846082006,0
-1.5275405009298204,0.5268085219726424,0
-1.3406928799671256,2.884933780787657,0
-1.4778440266353408,0.8922327478125405,0
-1.283333175096808,2.2301517994988007,0
-3.7091976689532924,2.1325577543968777,0
-2.169986769175772,6.147592487929448,0
-1.2039397351756604,1.5639151348808111,0
-2.355068811949181,3.5321645075847803,0
-2.377688715695685,3.12835754902608,0
-1.315688896873211,1.8967304938460623,0
-3.0865162364026535,1.6932926483115593,0
-1.838455580272357,3.927236561751715,0
-1.0422410576232897,1.6988018921237484,0
-1.9605402673996275,0.8939851947782942,0
-2.166158089178899,1.5152877906258957,0
-1.1886679758816507,2.488437785244183,0
-1.1911460721136686,4.5576293663553535,0
-1.5043082738933076,2.3757988688692118,0
-2.2167768948611863,1.0793950036038544,0
-2.29698085010578,1.651961342958955,0
-2.5710154881550977,2.241205783593435,0
-0.8360583278315272,2.1197561672472904,0
-2.563334245256191,2.278072598143318,0
-1.0004138432155212,0.009999695247295382,0
-0.7304645606854143,0.8491672021549772,0
-1.347389065354141,2.1826498913077548,0
-1.932067614642618,1.0762519943265851,0
-2.18188514228377,2.553458268739213,0
-2.4235885106239916,0.5025978963336022,0
0.5365267451399109,0.23186306097511444,0
-1.4510690098091656,1.964207064779042,0
-2.3746111503904443,1.6192522973285177,0
-0.12884421521516942,2.353624821903765,0
-0.36662433032894937,1.6557989879363453,0
-0.6799370096109174,2.4326301702086526,0
-3.452329855192268,2.736476449603819,0
-1.8359805476203441,0.8574232332368554,0
-4.304556903132848,3.1542487182856984,0
-4.238539415292504,1.4938876632707392,0
-1.658746716652022,1.095300321422066,0
-1.6747761594053716,2.695530913758138,0
-0.5152406851188134,1.9070226543811544,0
-2.7489502593838324,0.1674465045348681,0
-2.8049445111026636,2.97964746613841,0
-3.2092554328718137,2.239334969642789,0
-1.5548540877933335,3.2115821503050057,0
-1.1174141432042979,1.9227744983350716,0
-3.785820023575448,1.4485876549878016,0
-3.7548937561621623,3.4278699412695897,0
-1.6562708424895947,1.4530114106639074,0
-4.451584779957762,0.5095827622884361,0
-4.31066266276823,2.8242206262785023,0
-1.7723767335526222,0.9420743134713505,0
-2.176906388509022,2.8583232633824607,0
-0.09002201069847016,2.831521868980359,0
-0.8160171398760512,3.533458486768349,0
-1.863404960639111,1.0827798477495425,0
-1.7412883959050154,2.147063485501741,0
-3.067300485794629,1.971231927641657,0
-3.45034157494249,2.144907295689942,0
-1.1237772324449873,1.310370064714101,0
-2.85763266459316,1.6080522761532796,0
-0.851910834466032,0.9084228032606199,0
-2.7344584128455365,3.402193755296519,0
-1.9504675757073133,0.19470991580519148,0
-3.4143683288170203,2.523446232180584,0
-1.381093813026135,2.359407061948821,0
-2.429550327599791,1.7844265793933485,0
-3.3070422010040197,-0.02294877563586306,0
-2.223326437753555,1.5475499265169057,0
-2.1740868618222136,1.2070935210429428,0
-4.391139231750822,1.7657805944943215,0
1.468469919137518,3.486574389164261,0
-1.7976114792539626,0.7667881810196904,0
-2.18084674646982,1.3844427625416151,0
-2.5465437594633396,-0.24726177430605878,0
-0.9981280971076885,-0.14812408984015812,0
-1.2535283461755682,1.2145736548755899,0
-1.3766930046622647,2.5168588783389167,0
-3.0544086394154712,1.4486120454435432,0
-3.8878538112143177,4.089328936837637,0
-1.1328520867626843,0.6651881658737735,0
-1.0595762376952425,1.1366284440974068,0
-1.1453690913690215,2.01553041709159,0
-2.0806551362513823,1.976836078074728,0
-1.5979715623326036,3.017773662783406,0
-2.0718953128756423,2.833036493814272,0
-1.6076456679466633,1.9048372536617526,0
-1.1705796374136885,0.3036085177402661,0
-2.2385980181743768,1.489086745152727,0
-2.8433097210002365,1.7630343133032682,0
-2.916256801478362,3.3950814853517812,0
-3.8116671616635784,1.5466957962817263,0
-1.383148882121243,2.3470409496266478,0
-2.5401186071558146,0.6487551936379317,0
-2.113223865201051,0.96815303080597,0
-4.130382138411784,3.2714333783633487,0
-1.177220625126623,3.2874348501479935,0
-1.2072826530391723,0.5546530946058041,0
-1.7016358409621546,1.5981434320002899,0
-1.1596197997726887,1.4775088182832883,0
-2.760575881274624,0.7364909415723162,0
-1.5573783241174328,1.914961112623205,0
-3.5532691408069987,3.817384953789234,0
-0.591471781723216,1.2299930259511311,0
-1.677786539067255,1.4086561248630443,0
-1.8721678996087068,1.2257618400111707,0
-1.2605679784129569,2.2439168154540816,0
-3.588667555035194,0.43326259447673543,0
-1.5282530081567431,2.0358217648196972,0
-1.5658328540692874,2.8011732731649923,0
-1.1978222719936926,0.98608290077833,0
-3.1607388529710185,3.1448103306961706,0
-2.4472710500627874,1.5198293919875248,0
-1.351434446366698,0.9769998580596397,0
-2.1473178783978297,0.9046740241926685,0
-0.8247682980054989,0.7187431286127335,0
-0.04583416013171737,1.468920803374744,0
-2.7144998479258726,4.250944742029266,0
-1.987057203748633,2.284850905264938,0
-1.6495394508278165,1.0057561696514399,0
-3.1196732348425575,2.224909866513767,0
-1.415064445663515,2.2739949902424885,0
-1.8443747100556285,2.8030127760355192,0
-0.7379736985522751,1.6031553657027113,0
-2.146915968699499,1.1776238590078165,0
-2.649026642397302,1.6682246085574841,0
-2.1991719452626466,1.3116207834255453,0
-0.9270256668249872,3.1792197210967785,0
-0.49096795069871013,1.0597664195791832,0
0.29058633138540424,1.8002332469092452,0
-1.4930387952123867,4.158202028897657,0
-2.119617865966313,2.5590496428897724,0
0.11478641262101474,2.770247335635097,0
-3.0767622897763798,2.6796988953454015,0
-1.413478702830824,0.5874973658333376,0
-3.389943160789535,3.097888974217324,0
-2.7353038306356834,2.155983820782087,0
-0.5699590595729969,3.0722721079926787,0
-2.0250803862536393,3.520011628905877,0
-2.615140601897914,1.222771283800852,0
-1.0329895596087628,-0.5966292243444133,0
-3.9993971739363805,0.7703267043203614,0
-1.3271019632439018,1.8629876552142612,0
-1.4972169470103536,1.8687294961859378,0
-1.248939493667688,0.20327275526453503,0
-3.033987845080736,1.713444035823728,0
-2.6865263454821844,1.7201622705975725,0
-1.1850268151538814,4.668512399285341,0
-3.2363322558372047,1.887619639676109,0
-3.004697953922638,2.5492506289003036,0
-1.0808915690950838,3.7761305089671855,0
-3.177230002639798,1.6164714626326917,0
-2.3832003697053143,2.359084484244133,0
-0.1138509368383791,2.537624666253758,0
-0.5848035125696149,3.732803568998114,0
-1.4429861885309112,1.461719103844341,0
-1.6466542163015867,2.903674482157391,0
-2.7461823120104505,4.112508216089523,0
0.29658005721405134,2.0089053634525085,0
-2.8769635041098693,3.100281328165978,0
0.20494944493222444,3.5264635467600467,0
-1.7455686714342356,1.810960222309049,0
-1.0964757679574995,2.687997207152505,0
-3.7003286553973753,2.9648805668081097,0
-2.6807839019112545,2.471578251904451,0
-2.719031920800518,1.891163946228384,0
-0.3766585963279021,1.9765465031086051,0
-1.418484573839568,2.222092928986756,0
-0.9792045401245815,2.043585127668544,0
-2.7521044884206516,1.3070663396588251,0
0.49643710113684225,2.888322244422743,0
-1.9869327282811027,1.078602978589039,0
-2.4071725330440246,0.9093666200537558,0
-2.9790464559874086,1.7343578642609332,0
-1.2828417272608506,3.1026581560748,0
-0.5264281953487591,2.336628233550162,0
-1.9578951755102376,1.5764962355310073,0
-0.90433221266556,3.0449142778532567,0
-2.4375168503075275,3.0111577267167586,0
-0.7142257156702845,2.8529881740954792,0
-2.091806843349945,1.0865155168434986,0
-2.4164198455279493,2.3966421823133652,0
-2.5174252018430843,3.364209886740766,0
-2.103961536950694,1.2080749141328757,0
-0.3282606491042812,2.5148974518245804,0
-3.167188171736864,3.449035715272321,0
-0.7515778519255534,1.9834275412162519,0
-2.2101994278664603,2.581342930173574,0
-2.337737949090574,0.8919462933163758,0
-1.592221440205291,1.6419758923650174,0
-2.702119593864033,2.1451337408552624,0
-2.730896478488536,1.7382934239149663,0
-1.2035831367047203,1.3579883994792654,0
-1.5000973999036047,3.6364159558666924,0
-1.2241988468931626,3.419115314147577,0
-2.054360708740197,4.071620084790259,0
-2.4837861217630453,-0.09583535461802972,0
-0.6806090331202386,3.387051727704192,0
-2.0703847050359045,2.0462652629564455,0
-1.9062416523769434,3.6872652794702265,0
-3.1860934842886213,2.0416893078257035,0
-2.5022321738523754,1.0471084566940076,0
-0.44758284397002934,2.1277857509696743,0
-1.06183612397303,1.6162221330597566,0
-2.8790935539934983,1.796976059609081,0
-2.8091396548344236,2.360847516929213,0
-0.8392440923946249,2.373964643283624,0
-1.7327463106483856,2.7179423057140357,0
-1.8879287830537341,1.2201726897684142,0
-0.3164798712567012,2.1159732343285627,0
-2.625599290823028,2.5995722952650264,0
-1.5756164616196036,2.2605488986767224,0
-2.68711149604981,0.5548847640579104,0
-1.4710419697397112,3.818154645393303,0
-3.113116143991201,4.376824585970367,0
-2.374800670085277,2.5690898803664286,0
-2.8606629286126717,2.5554496808716785,0
-3.319184030234484,2.447842957063622,0
-2.239840416408157,3.0155612623543337,0
-2.322467611751311,1.4608019178821867,0
-0.1401408872298251,1.8967277977382342,0
-2.4490714506759192,2.9098812255172626,0
-1.7957238082459581,1.9992765223108802,0
-1.8816109046509173,2.0709423940725222,0
-0.8566773830342866,2.7956024613973054,0
-0.5368077213505487,2.1269233323567747,0
-1.0638949385787415,0.5007353210129164,0
-1.3781951513225317,3.916310244489517,0
-2.9451059850738384,1.6733566342345458,0
-1.1600858214441656,3.0583436837997544,0
-2.1293185659742284,1.0031130267973731,0
-3.3256504742370296,1.8687118027062404,0
-0.9850825840537238,3.546849338688828,0
-0.21366952283973606,2.775668355781629,0
-3.933790918197981,3.1105104569994917,0
-2.6281883799218213,2.785544451579705,0
-3.6871372577372954,0.22204130477445805,0
-1.560885243353764,0.8724753290671377,0
-3.3977874972604303,2.112776079767827,0
-2.0288287862497327,0.7823622775839623,0
-2.2426481247607746,2.686591574812947,0
-2.637255563016194,3.22591890414151,0
-1.9389126560084817,3.5908180073666625,0
-2.628799299402061,1.6612641763137228,0
-1.8601522314097063,2.0499419843460793,0
-2.392167455883921,0.2502117712539922,0
-2.157616075659146,2.283126332738363,0
-0.8196639018561256,1.1318108073816617,0
-2.6876316421609134,3.095896131526869,0
-3.295681500665261,2.7573357455395278,0
-1.5638945253741312,1.1053227359729085,0
-2.8370184660665156,2.790199784165214,0
-2.4458290060648262,2.002804123186499,0
-1.8131132922693722,0.5475558017665703,0
-2.0020836142037353,2.6885030081522676,0
-0.9024219922661343,3.4020656489863117,0
-0.4709125017937963,3.6971106421590307,0
-0.7512460737862166,2.4472139541329363,0
-2.8594210894133316,2.015294393260538,0
-0.414944008442953,3.148054349110738,0
-3.3054782317200813,2.377902194296541,0
-3.0108950981950118,2.874519644420857,0
-1.7869338139073627,1.0822812003164697,0
-1.394941279131428,0.060998162216790996,0
-1.5860879362406446,3.074487562793144,0
-3.6178995675943595,1.7917282590809278,0
-1.6660712223381382,3.544620777636606,0
-2.9368637098467603,0.9860518610367144,0
-1.6203932183636138,2.6038934526968185,0
-3.034592025363845,0.08017982951242852,0
-3.613510360621257,2.747180600807054,0
-2.5086896431714263,3.1470966844455184,0
-0.49220506631695726,2.248440902895801,0
-0.7739260529967475,2.4184453953686065,0
-2.670489647800091,2.6319671373261633,0
-2.6312447623641915,0.8966333957667729,0
-1.4921529783797092,2.0786294558941116,0
-1.1751392213324965,4.609418941856676,0
-1.3187434278248473,3.17187115300659,0
-0.9948798789716424,3.801532082652663,0
-2.121283312236144,2.877907012855577,0
-1.8055830581217613,1.8661642900148496,0
-0.35034861183706956,1.6023694128536148,0
-1.2108155499139994,1.027408318049308,0
0.4329370493259237,2.8476075634410054,0
-0.036785712936133086,0.8963669750165484,0
-1.800995663334346,2.349225932016495,0
-0.8459507281675789,0.5479284419481372,0
-1.94808226014186,0.9459593152979866,0
-2.120128925009189,1.0080623141485394,0
-2.4184512849060282,3.679678015203069,0
-2.652536581337119,0.48968135392144574,0
-1.6386148854209783,1.945326106599968,0
-2.677960292463665,2.838358866064622,0
-3.0122096250931927,2.2211929903633565,0
-0.8478242227970871,2.059097141959287,0
-3.298514638545938,1.8416074643059068,0
-1.0548969103340216,0.7791562278607014,0
-1.5584753879958093,2.5146945760221975,0
-2.0205157764047326,0.762271444723619,0
-1.8638172035189042,2.1634119961899962,0
-2.6900144970300763,2.2442434739762445,0
0.05606823984918252,2.140872166225181,0
-0.3240989150257019,2.886116558241275,0
-2.1051778873387543,1.9034356920749458,0
-2.420339159377576,2.0897255418626703,0
-1.1550668670132502,3.9973575479692993,0
-1.3677807740852674,2.3113973173421214,0
-3.180978545728643,2.6934082371564343,0
-1.218902419916803,0.9590102437367758,0
-2.3013780121443106,3.322798392041487,0
-2.123894657831796,0.8621905592993309,0
-2.6216841364075547,1.6330595325720014,0
-1.0116122043512856,2.5348166450738745,0
-3.0567758214016925,3.5794549209540323,0
-2.409032254109174,2.3376404874243097,0
-1.298354092357417,1.6856168585958617,0
-0.4842223047857397,2.0383685979607216,0
-1.8768223053520297,2.225814278376263,0
-0.7528130610352395,0.897232319669103,0
-4.587810511944168,2.5904434899776474,0
-1.8005726591677504,0.8523870707218268,0
-1.1383763466620818,0.4120533616777362,0
-1.1845327212664984,3.849912208944119,0
-3.527412778097591,2.207673673272969,0
-1.8386462778031976,1.368558751116214,0
-2.4983660550989693,1.043615495436924,0
-1.9683129566677067,2.7504182576231697,0
-2.1134533464360783,1.8384205316445235,0
-2.689422391633436,2.444416892741752,0
-0.5859005706556326,2.2761666108352854,0
-1.2102499044105288,2.2559501330768956,0
-1.7857093026854007,1.990681512594176,0
-3.741314337188977,0.17364137543538294,0
-1.2794791653577078,0.8860959848665819,0
-2.833832554706287,1.3157733334718205,0
-1.9266647968391144,2.007485237810316,0
-3.2081436882613366,2.267097166913773,0
-2.7153904870988335,3.2079386668460406,0
-2.2841888092200655,2.8800577660146316,0
-2.3495503031017386,1.2749405640946596,0
-2.116660887369555,2.4529473754354587,0
-2.1318475877218943,1.999929396891743,0
-3.1900699575841527,3.512214283207988,0
-2.4832463805346023,2.3744865646727926,0
-2.7004316036834206,3.6825882096433924,0
-2.8051550598977832,2.8620622919725767,0
-2.6976239402504945,3.270428047450974,0
-1.624189497772269,2.183119194536271,0
-3.714594442500698,1.8471963907035227,0
-2.2738509030783263,1.2802116699824726,0
-3.225402548115797,3.6409021800715182,0
-1.742913402862574,2.0915489779252057,0
-0.7388438088431357,1.7269825849930078,0
-0.671588917079142,2.642031186572681,0
-1.6321304828696723,2.9441629552462762,0
-0.9224181538113603,3.8995375113163844,0
-0.2602841082309988,2.8084216404894375,0
-3.741714352202135,1.224672938536045,0
-3.5037510411414856,2.283522246615503,0
-1.564359932099257,3.8748038076496094,0
-1.7625365367430452,3.5107943255669554,0
-2.2704174320651394,1.000794146418012,0
-2.5135957935194275,1.2224686490240453,0
-1.6843842934519622,2.1726224382295856,0
-2.5736844951858315,2.437623509538787,0
-3.462575420659194,0.8403104450295573,0
-1.870367375281158,2.4731517752569663,0
-3.2630354031952478,1.210931777229809,0
-0.6051974545088474,1.6601566597712698,0
-3.8205570265674025,4.514898528644842,0
-0.6180863082761852,0.13768966112237835,0
-2.133439335419947,2.2514343079978656,0
-1.9109411258152569,1.314365372012014,0
-1.0160391619594864,1.7771667784381295,0
-1.0239687466283076,2.3053681749476223,0
-1.441858795755445,1.2900135169956304,0
-1.3024999644574313,2.043833479824051,0
-1.20355689629139,2.009528970457776,0
0.7889328708409651,0.4867117825598677,0
-3.3853587386054174,0.6501225693920352,0
-2.2688419083468103,2.5549395373647483,0
-2.9953826942231547,3.70098374744238,0
-1.7222247211190131,1.6473020788975195,0
-0.7865415282998873,1.437765551070592,0
-2.755265765473238,4.417935338456524,0
-1.9715816241558042,1.0200311194426206,0
-2.102504863082231,0.5924256199516391,0
-2.5674687356760257,0.5562821389419457,0
-1.9041309720978359,1.7971605895850535,0
-2.3925513611819587,2.4709084052615387,0
-2.6213466696770347,3.235230645773271,0
-3.3222648772292827,2.2483472978864643,0
-1.9092506465493864,3.1418424511564256,0
-2.283433839619947,-0.4269646018651332,0
-2.6150900083279653,1.9707777955201629,0
-1.811357434594625,1.8116953027951588,0
-1.760406963815014,2.1130130183919427,0
-1.9944901874871066,2.487130673516114,0
-1.6486604600198,1.7755040747679975,0
-1.1124111538747274,2.1069460736668066,0
-2.638007972972285,3.628665903053956,0
-1.9858099808065315,2.6355577395620817,0
-0.8282797364670123,2.372340519090295,0
-1.9672639539527847,1.708205364020733,0
-4.472484890728921,3.017967233139154,0
-3.148848831328734,1.4008777841196394,0
-3.0351851188444936,1.497081884975195,0
-2.4706971893775638,2.6093816204851117,0
-1.3166572491656283,1.573201530216897,0
-1.8048288850678826,1.7954571898399418,0
-2.108738586006034,0.5698211601801979,0
-1.513134386150493,0.9761200235579468,0
-2.132205971267924,2.760837786169768,0
-1.9719281928096735,3.1422557870789287,0
-3.5051310362256407,2.72665582412075,0
